dffaf81a-79c1-402b-6a4a-23304854f801;Anguloa brevilabris;Plantae;Magnoliophyta;Equisetopsida;Asparagales;Orchidaceae;Anguloa;brevilabris;especie;No disponible;Cuna de Venus
dffaf81a-79c1-402b-6a4a-23304854f802;Anguloa cliftonii;Plantae;Magnoliophyta;Equisetopsida;Asparagales;Orchidaceae;Anguloa;cliftonii;especie;No disponible;Cuna de Venus
dffaf81a-79c1-402b-6a4a-23304854f803;Anguloa clowesii;Plantae;Magnoliophyta;Equisetopsida;Asparagales;Orchidaceae;Anguloa;clowesii;especie;No disponible;Cuna de Venus
dffaf81a-79c1-402b-6a4a-23304854f804;Anguloa eburnea;Plantae;Magnoliophyta;Equisetopsida;Asparagales;Orchidaceae;Anguloa;eburnea;especie;No disponible;No disponible
dffaf81a-79c1-402b-6a4a-23304854f805;Anguloa hohenlohii;Plantae;Magnoliophyta;Equisetopsida;Asparagales;Orchidaceae;Anguloa;hohenlohii;especie;No disponible;No disponible
dffaf81a-79c1-402b-6a4a-23304854f806;Anguloa virginalis;Plantae;Magnoliophyta;Equisetopsida;Asparagales;Orchidaceae;Anguloa;virginalis;especie;No disponible;Cuna de Venus
dffaf81a-79c1-402b-6a4a-23304854f807;Cattleya dowiana;Plantae;Magnoliophyta;Equisetopsida;Asparagales;Orchidaceae;Cattleya;dowiana;especie;No disponible;No disponible
dffaf81a-79c1-402b-6a4a-23304854f808;Cattleya mendelii;Plantae;Magnoliophyta;Equisetopsida;Asparagales;Orchidaceae;Cattleya;mendelii;especie;No disponible;No disponible
dffaf81a-79c1-402b-6a4a-23304854f809;Cattleya patinii;Plantae;Magnoliophyta;Equisetopsida;Asparagales;Orchidaceae;Cattleya;patinii;especie;No disponible;No disponible
dffaf81a-79c1-402b-6a4a-23304854f810;Cattleya quadricolor;Plantae;Magnoliophyta;Equisetopsida;Asparagales;Orchidaceae;Cattleya;quadricolor;especie;No disponible;Azucena
dffaf81a-79c1-402b-6a4a-23304854f811;Cattleya schroederae;Plantae;Magnoliophyta;Equisetopsida;Asparagales;Orchidaceae;Cattleya;schroederae;especie;No disponible;Lirio
dffaf81a-79c1-402b-6a4a-23304854f812;Cattleya trianae;Plantae;Magnoliophyta;Equisetopsida;Asparagales;Orchidaceae;Cattleya;trianae;especie;No disponible;Flor de mayo
dffaf81a-79c1-402b-6a4a-23304854f813;Cattleya warscewiczii;Plantae;Magnoliophyta;Equisetopsida;Asparagales;Orchidaceae;Cattleya;warscewiczii;especie;No disponible;Flor de San Juan, Flor de San Roque, Lirio
dffaf81a-79c1-402b-6a4a-23304854f814;Coeliopsis hyacinthosma;Plantae;Magnoliophyta;Equisetopsida;Asparagales;Orchidaceae;Coeliopsis;hyacinthosma;especie;No disponible;No disponible
dffaf81a-79c1-402b-6a4a-23304854f815;Comparettia ignea;Plantae;Magnoliophyta;Equisetopsida;Asparagales;Orchidaceae;Comparettia;ignea;especie;No disponible;No disponible
dffaf81a-79c1-402b-6a4a-23304854f816;Coryanthes bruchmuelleri;Plantae;Magnoliophyta;Equisetopsida;Asparagales;Orchidaceae;Coryanthes;bruchmuelleri;especie;No disponible;No disponible
dffaf81a-79c1-402b-6a4a-23304854f817;Coryanthes elegantium;Plantae;Magnoliophyta;Equisetopsida;Asparagales;Orchidaceae;Coryanthes;elegantium;especie;No disponible;No disponible
dffaf81a-79c1-402b-6a4a-23304854f818;Coryanthes flava;Plantae;Magnoliophyta;Equisetopsida;Asparagales;Orchidaceae;Coryanthes;flava;especie;No disponible;No disponible
dffaf81a-79c1-402b-6a4a-23304854f819;Coryanthes leucocorys;Plantae;Magnoliophyta;Equisetopsida;Asparagales;Orchidaceae;Coryanthes;leucocorys;especie;No disponible;No disponible
dffaf81a-79c1-402b-6a4a-23304854f820;Coryanthes macrantha;Plantae;Magnoliophyta;Equisetopsida;Asparagales;Orchidaceae;Coryanthes;macrantha;especie;No disponible;No disponible
dffaf81a-79c1-402b-6a4a-23304854f821;Coryanthes misasii;Plantae;Magnoliophyta;Equisetopsida;Asparagales;Orchidaceae;Coryanthes;misasii;especie;No disponible;No disponible
dffaf81a-79c1-402b-6a4a-23304854f822;Coryanthes panamensis;Plantae;Magnoliophyta;Equisetopsida;Asparagales;Orchidaceae;Coryanthes;panamensis;especie;No disponible;No disponible
dffaf81a-79c1-402b-6a4a-23304854f823;Coryanthes senghasiana;Plantae;Magnoliophyta;Equisetopsida;Asparagales;Orchidaceae;Coryanthes;senghasiana;especie;No disponible;No disponible
dffaf81a-79c1-402b-6a4a-23304854f824;Coryanthes toulemondiana;Plantae;Magnoliophyta;Equisetopsida;Asparagales;Orchidaceae;Coryanthes;toulemondiana;especie;No disponible;No disponible
dffaf81a-79c1-402b-6a4a-23304854f825;Coryanthes vieirae;Plantae;Magnoliophyta;Equisetopsida;Asparagales;Orchidaceae;Coryanthes;vieirae;especie;No disponible;No disponible
dffaf81a-79c1-402b-6a4a-23304854f826;Coryanthes villegasiana;Plantae;Magnoliophyta;Equisetopsida;Asparagales;Orchidaceae;Coryanthes;villegasiana;especie;No disponible;No disponible
dffaf81a-79c1-402b-6a4a-23304854f827;Cycnoches barthiorum;Plantae;Magnoliophyta;Equisetopsida;Asparagales;Orchidaceae;Cycnoches;barthiorum;especie;No disponible;No disponible
dffaf81a-79c1-402b-6a4a-23304854f828;Cycnoches brachydactylon;Plantae;Magnoliophyta;Equisetopsida;Asparagales;Orchidaceae;Cycnoches;brachydactylon;especie;No disponible;No disponible
dffaf81a-79c1-402b-6a4a-23304854f829;Cycnoches densiflorum;Plantae;Magnoliophyta;Equisetopsida;Asparagales;Orchidaceae;Cycnoches;densiflorum;especie;No disponible;No disponible
dffaf81a-79c1-402b-6a4a-23304854f830;Cycnoches herrenhusanum;Plantae;Magnoliophyta;Equisetopsida;Asparagales;Orchidaceae;Cycnoches;herrenhusanum;especie;No disponible;No disponible
dffaf81a-79c1-402b-6a4a-23304854f831;Dracula alcithoë;Plantae;Magnoliophyta;Equisetopsida;Asparagales;Orchidaceae;Dracula;alcithoë;especie;No disponible;No disponible
dffaf81a-79c1-402b-6a4a-23304854f832;Dracula amaliae;Plantae;Magnoliophyta;Equisetopsida;Asparagales;Orchidaceae;Dracula;amaliae;especie;No disponible;No disponible
dffaf81a-79c1-402b-6a4a-23304854f833;Dracula andreetae;Plantae;Magnoliophyta;Equisetopsida;Asparagales;Orchidaceae;Dracula;andreetae;especie;No disponible;No disponible
dffaf81a-79c1-402b-6a4a-23304854f834;Dracula aphrodes;Plantae;Magnoliophyta;Equisetopsida;Asparagales;Orchidaceae;Dracula;aphrodes;especie;No disponible;No disponible
dffaf81a-79c1-402b-6a4a-23304854f835;Dracula bella;Plantae;Magnoliophyta;Equisetopsida;Asparagales;Orchidaceae;Dracula;bella;especie;No disponible;Banderita Linda
dffaf81a-79c1-402b-6a4a-23304854f836;Dracula bellerophon;Plantae;Magnoliophyta;Equisetopsida;Asparagales;Orchidaceae;Dracula;bellerophon;especie;No disponible;No disponible
dffaf81a-79c1-402b-6a4a-23304854f837;Dracula benedictii;Plantae;Magnoliophyta;Equisetopsida;Asparagales;Orchidaceae;Dracula;benedictii;especie;No disponible;No disponible
dffaf81a-79c1-402b-6a4a-23304854f838;Dracula berthae;Plantae;Magnoliophyta;Equisetopsida;Asparagales;Orchidaceae;Dracula;berthae;especie;No disponible;No disponible
dffaf81a-79c1-402b-6a4a-23304854f839;Dracula carcinopsis;Plantae;Magnoliophyta;Equisetopsida;Asparagales;Orchidaceae;Dracula;carcinopsis;especie;No disponible;No disponible
dffaf81a-79c1-402b-6a4a-23304854f840;Dracula chestertonii;Plantae;Magnoliophyta;Equisetopsida;Asparagales;Orchidaceae;Dracula;chestertonii;especie;No disponible;No disponible
dffaf81a-79c1-402b-6a4a-23304854f841;Dracula chiroptera;Plantae;Magnoliophyta;Equisetopsida;Asparagales;Orchidaceae;Dracula;chiroptera;especie;No disponible;No disponible
dffaf81a-79c1-402b-6a4a-23304854f842;Dracula citrina;Plantae;Magnoliophyta;Equisetopsida;Asparagales;Orchidaceae;Dracula;citrina;especie;No disponible;No disponible
dffaf81a-79c1-402b-6a4a-23304854f843;Dracula cochliops;Plantae;Magnoliophyta;Equisetopsida;Asparagales;Orchidaceae;Dracula;cochliops;especie;No disponible;No disponible
dffaf81a-79c1-402b-6a4a-23304854f844;Dracula cutis-bufonis;Plantae;Magnoliophyta;Equisetopsida;Asparagales;Orchidaceae;Dracula;cutis-bufonis;especie;No disponible;Piel de sapo
dffaf81a-79c1-402b-6a4a-23304854f845;Dracula decussata;Plantae;Magnoliophyta;Equisetopsida;Asparagales;Orchidaceae;Dracula;decussata;especie;No disponible;No disponible
dffaf81a-79c1-402b-6a4a-23304854f846;Dracula diabola;Plantae;Magnoliophyta;Equisetopsida;Asparagales;Orchidaceae;Dracula;diabola;especie;No disponible;No disponible
dffaf81a-79c1-402b-6a4a-23304854f847;Dracula diana;Plantae;Magnoliophyta;Equisetopsida;Asparagales;Orchidaceae;Dracula;diana;especie;No disponible;No disponible
dffaf81a-79c1-402b-6a4a-23304854f848;Dracula dodsonii;Plantae;Magnoliophyta;Equisetopsida;Asparagales;Orchidaceae;Dracula;dodsonii;especie;No disponible;No disponible
dffaf81a-79c1-402b-6a4a-23304854f849;Dracula dodsonii;Plantae;Magnoliophyta;Equisetopsida;Asparagales;Orchidaceae;Dracula;dodsonii;especie;No disponible;No disponible
dffaf81a-79c1-402b-6a4a-23304854f850;Dracula exasperata;Plantae;Magnoliophyta;Equisetopsida;Asparagales;Orchidaceae;Dracula;exasperata;especie;No disponible;No disponible
dffaf81a-79c1-402b-6a4a-23304854f851;Dracula felix;Plantae;Magnoliophyta;Equisetopsida;Asparagales;Orchidaceae;Dracula;felix;especie;No disponible;No disponible
dffaf81a-79c1-402b-6a4a-23304854f852;Dracula gigas;Plantae;Magnoliophyta;Equisetopsida;Asparagales;Orchidaceae;Dracula;gigas;especie;No disponible;No disponible
dffaf81a-79c1-402b-6a4a-23304854f853;Dracula gorgona;Plantae;Magnoliophyta;Equisetopsida;Asparagales;Orchidaceae;Dracula;gorgona;especie;No disponible;No disponible
dffaf81a-79c1-402b-6a4a-23304854f854;Dracula gorgonella;Plantae;Magnoliophyta;Equisetopsida;Asparagales;Orchidaceae;Dracula;gorgonella;especie;No disponible;No disponible
dffaf81a-79c1-402b-6a4a-23304854f855;Dracula hirtzii;Plantae;Magnoliophyta;Equisetopsida;Asparagales;Orchidaceae;Dracula;hirtzii;especie;No disponible;No disponible
dffaf81a-79c1-402b-6a4a-23304854f856;Dracula houtteana;Plantae;Magnoliophyta;Equisetopsida;Asparagales;Orchidaceae;Dracula;houtteana;especie;No disponible;No disponible
dffaf81a-79c1-402b-6a4a-23304854f857;Dracula inaequalis;Plantae;Magnoliophyta;Equisetopsida;Asparagales;Orchidaceae;Dracula;inaequalis;especie;No disponible;No disponible
dffaf81a-79c1-402b-6a4a-23304854f858;Dracula insolita;Plantae;Magnoliophyta;Equisetopsida;Asparagales;Orchidaceae;Dracula;insolita;especie;No disponible;No disponible
dffaf81a-79c1-402b-6a4a-23304854f859;Dracula iricolor;Plantae;Magnoliophyta;Equisetopsida;Asparagales;Orchidaceae;Dracula;iricolor;especie;No disponible;No disponible
dffaf81a-79c1-402b-6a4a-23304854f860;Dracula lehmanniana;Plantae;Magnoliophyta;Equisetopsida;Asparagales;Orchidaceae;Dracula;lehmanniana;especie;No disponible;No disponible
dffaf81a-79c1-402b-6a4a-23304854f861;Dracula lemurella;Plantae;Magnoliophyta;Equisetopsida;Asparagales;Orchidaceae;Dracula;lemurella;especie;No disponible;No disponible
dffaf81a-79c1-402b-6a4a-23304854f862;Dracula levii;Plantae;Magnoliophyta;Equisetopsida;Asparagales;Orchidaceae;Dracula;levii;especie;No disponible;No disponible
dffaf81a-79c1-402b-6a4a-23304854f863;Dracula ligiae;Plantae;Magnoliophyta;Equisetopsida;Asparagales;Orchidaceae;Dracula;ligiae;especie;No disponible;No disponible
dffaf81a-79c1-402b-6a4a-23304854f864;Dracula macrophylla;Plantae;Magnoliophyta;Equisetopsida;Asparagales;Orchidaceae;Dracula;macrophylla;especie;No disponible;No disponible
dffaf81a-79c1-402b-6a4a-23304854f865;Dracula mantissa;Plantae;Magnoliophyta;Equisetopsida;Asparagales;Orchidaceae;Dracula;mantissa;especie;No disponible;No disponible
dffaf81a-79c1-402b-6a4a-23304854f866;Dracula minax;Plantae;Magnoliophyta;Equisetopsida;Asparagales;Orchidaceae;Dracula;minax;especie;No disponible;No disponible
dffaf81a-79c1-402b-6a4a-23304854f867;Dracula nosferatu;Plantae;Magnoliophyta;Equisetopsida;Asparagales;Orchidaceae;Dracula;nosferatu;especie;No disponible;No disponible
dffaf81a-79c1-402b-6a4a-23304854f868;Dracula nycterina;Plantae;Magnoliophyta;Equisetopsida;Asparagales;Orchidaceae;Dracula;nycterina;especie;No disponible;No disponible
dffaf81a-79c1-402b-6a4a-23304854f869;Dracula octavioi;Plantae;Magnoliophyta;Equisetopsida;Asparagales;Orchidaceae;Dracula;octavioi;especie;No disponible;No disponible
dffaf81a-79c1-402b-6a4a-23304854f870;Dracula ophioceps;Plantae;Magnoliophyta;Equisetopsida;Asparagales;Orchidaceae;Dracula;ophioceps;especie;No disponible;No disponible
dffaf81a-79c1-402b-6a4a-23304854f871;Dracula orientalis;Plantae;Magnoliophyta;Equisetopsida;Asparagales;Orchidaceae;Dracula;orientalis;especie;No disponible;No disponible
dffaf81a-79c1-402b-6a4a-23304854f872;Dracula ortiziana;Plantae;Magnoliophyta;Equisetopsida;Asparagales;Orchidaceae;Dracula;ortiziana;especie;No disponible;No disponible
dffaf81a-79c1-402b-6a4a-23304854f873;Dracula pholeodytes;Plantae;Magnoliophyta;Equisetopsida;Asparagales;Orchidaceae;Dracula;pholeodytes;especie;No disponible;No disponible
dffaf81a-79c1-402b-6a4a-23304854f874;Dracula platycrater;Plantae;Magnoliophyta;Equisetopsida;Asparagales;Orchidaceae;Dracula;platycrater;especie;No disponible;No disponible
dffaf81a-79c1-402b-6a4a-23304854f875;Dracula posadarum;Plantae;Magnoliophyta;Equisetopsida;Asparagales;Orchidaceae;Dracula;posadarum;especie;No disponible;No disponible
dffaf81a-79c1-402b-6a4a-23304854f876;Dracula psittacina;Plantae;Magnoliophyta;Equisetopsida;Asparagales;Orchidaceae;Dracula;psittacina;especie;No disponible;No disponible
dffaf81a-79c1-402b-6a4a-23304854f877;Dracula robledorum;Plantae;Magnoliophyta;Equisetopsida;Asparagales;Orchidaceae;Dracula;robledorum;especie;No disponible;No disponible
dffaf81a-79c1-402b-6a4a-23304854f878;Dracula roezlii;Plantae;Magnoliophyta;Equisetopsida;Asparagales;Orchidaceae;Dracula;roezlii;especie;No disponible;No disponible
dffaf81a-79c1-402b-6a4a-23304854f879;Dracula sergioi;Plantae;Magnoliophyta;Equisetopsida;Asparagales;Orchidaceae;Dracula;sergioi;especie;No disponible;No disponible
dffaf81a-79c1-402b-6a4a-23304854f880;Dracula severa;Plantae;Magnoliophyta;Equisetopsida;Asparagales;Orchidaceae;Dracula;severa;especie;No disponible;No disponible
dffaf81a-79c1-402b-6a4a-23304854f881;Dracula sibundoyensis;Plantae;Magnoliophyta;Equisetopsida;Asparagales;Orchidaceae;Dracula;sibundoyensis;especie;No disponible;No disponible
dffaf81a-79c1-402b-6a4a-23304854f882;Dracula syndactyla;Plantae;Magnoliophyta;Equisetopsida;Asparagales;Orchidaceae;Dracula;syndactyla;especie;No disponible;No disponible
dffaf81a-79c1-402b-6a4a-23304854f883;Dracula velutina;Plantae;Magnoliophyta;Equisetopsida;Asparagales;Orchidaceae;Dracula;velutina;especie;No disponible;No disponible
dffaf81a-79c1-402b-6a4a-23304854f884;Dracula verticulosa;Plantae;Magnoliophyta;Equisetopsida;Asparagales;Orchidaceae;Dracula;verticulosa;especie;No disponible;No disponible
dffaf81a-79c1-402b-6a4a-23304854f885;Dracula villegasii;Plantae;Magnoliophyta;Equisetopsida;Asparagales;Orchidaceae;Dracula;villegasii;especie;No disponible;No disponible
dffaf81a-79c1-402b-6a4a-23304854f886;Dracula vinacea;Plantae;Magnoliophyta;Equisetopsida;Asparagales;Orchidaceae;Dracula;vinacea;especie;No disponible;No disponible
dffaf81a-79c1-402b-6a4a-23304854f887;Dracula vlad-tepes;Plantae;Magnoliophyta;Equisetopsida;Asparagales;Orchidaceae;Dracula;vlad-tepes;especie;No disponible;No disponible
dffaf81a-79c1-402b-6a4a-23304854f888;Embreea rodigasiana;Plantae;Magnoliophyta;Equisetopsida;Asparagales;Orchidaceae;Embreea;rodigasiana;especie;No disponible;No disponible
dffaf81a-79c1-402b-6a4a-23304854f889;Lycaste campbellii;Plantae;Magnoliophyta;Equisetopsida;Asparagales;Orchidaceae;Lycaste;campbellii;especie;No disponible;No disponible
dffaf81a-79c1-402b-6a4a-23304854f890;Lycaste macrobulbon;Plantae;Magnoliophyta;Equisetopsida;Asparagales;Orchidaceae;Lycaste;macrobulbon;especie;No disponible;No disponible
dffaf81a-79c1-402b-6a4a-23304854f891;Lycaste macrophylla;Plantae;Magnoliophyta;Equisetopsida;Asparagales;Orchidaceae;Lycaste;macrophylla;especie;No disponible;No disponible
dffaf81a-79c1-402b-6a4a-23304854f892;Lycaste powellii;Plantae;Magnoliophyta;Equisetopsida;Asparagales;Orchidaceae;Lycaste;powellii;especie;No disponible;No disponible
dffaf81a-79c1-402b-6a4a-23304854f893;Lycaste schilleriana;Plantae;Magnoliophyta;Equisetopsida;Asparagales;Orchidaceae;Lycaste;schilleriana;especie;No disponible;No disponible
dffaf81a-79c1-402b-6a4a-23304854f894;Lycaste xytriophora;Plantae;Magnoliophyta;Equisetopsida;Asparagales;Orchidaceae;Lycaste;xytriophora;especie;No disponible;No disponible
dffaf81a-79c1-402b-6a4a-23304854f895;Masdevallia aenigma;Plantae;Magnoliophyta;Equisetopsida;Asparagales;Orchidaceae;Masdevallia;aenigma;especie;No disponible;No disponible
dffaf81a-79c1-402b-6a4a-23304854f896;Masdevallia alismifolia;Plantae;Magnoliophyta;Equisetopsida;Asparagales;Orchidaceae;Masdevallia;alismifolia;especie;No disponible;No disponible
dffaf81a-79c1-402b-6a4a-23304854f897;Masdevallia angulata;Plantae;Magnoliophyta;Equisetopsida;Asparagales;Orchidaceae;Masdevallia;angulata;especie;No disponible;No disponible
dffaf81a-79c1-402b-6a4a-23304854f898;Masdevallia angulifera;Plantae;Magnoliophyta;Equisetopsida;Asparagales;Orchidaceae;Masdevallia;angulifera;especie;No disponible;No disponible
dffaf81a-79c1-402b-6a4a-23304854f899;Masdevallia anisomorpha;Plantae;Magnoliophyta;Equisetopsida;Asparagales;Orchidaceae;Masdevallia;anisomorpha;especie;No disponible;No disponible
dffaf81a-79c1-402b-6a4a-23304854f900;Masdevallia apparitio;Plantae;Magnoliophyta;Equisetopsida;Asparagales;Orchidaceae;Masdevallia;apparitio;especie;No disponible;No disponible
dffaf81a-79c1-402b-6a4a-23304854f901;Masdevallia arangoi;Plantae;Magnoliophyta;Equisetopsida;Asparagales;Orchidaceae;Masdevallia;arangoi;especie;No disponible;No disponible
dffaf81a-79c1-402b-6a4a-23304854f902;Masdevallia arminii;Plantae;Magnoliophyta;Equisetopsida;Asparagales;Orchidaceae;Masdevallia;arminii;especie;No disponible;No disponible
dffaf81a-79c1-402b-6a4a-23304854f903;Masdevallia assurgens;Plantae;Magnoliophyta;Equisetopsida;Asparagales;Orchidaceae;Masdevallia;assurgens;especie;No disponible;No disponible
dffaf81a-79c1-402b-6a4a-23304854f904;Masdevallia buccinator;Plantae;Magnoliophyta;Equisetopsida;Asparagales;Orchidaceae;Masdevallia;buccinator;especie;No disponible;No disponible
dffaf81a-79c1-402b-6a4a-23304854f905;Masdevallia cacodes;Plantae;Magnoliophyta;Equisetopsida;Asparagales;Orchidaceae;Masdevallia;cacodes;especie;No disponible;No disponible
dffaf81a-79c1-402b-6a4a-23304854f906;Masdevallia caesia;Plantae;Magnoliophyta;Equisetopsida;Asparagales;Orchidaceae;Masdevallia;caesia;especie;No disponible;No disponible
dffaf81a-79c1-402b-6a4a-23304854f907;Masdevallia caudata;Plantae;Magnoliophyta;Equisetopsida;Asparagales;Orchidaceae;Masdevallia;caudata;especie;No disponible;Colibrí
dffaf81a-79c1-402b-6a4a-23304854f908;Masdevallia caudivolvula;Plantae;Magnoliophyta;Equisetopsida;Asparagales;Orchidaceae;Masdevallia;caudivolvula;especie;No disponible;No disponible
dffaf81a-79c1-402b-6a4a-23304854f909;Masdevallia caudivolvula;Plantae;Magnoliophyta;Equisetopsida;Asparagales;Orchidaceae;Masdevallia;caudivolvula;especie;No disponible;No disponible
dffaf81a-79c1-402b-6a4a-23304854f910;Masdevallia cerastes;Plantae;Magnoliophyta;Equisetopsida;Asparagales;Orchidaceae;Masdevallia;cerastes;especie;No disponible;No disponible
dffaf81a-79c1-402b-6a4a-23304854f911;Masdevallia clandestina;Plantae;Magnoliophyta;Equisetopsida;Asparagales;Orchidaceae;Masdevallia;clandestina;especie;No disponible;No disponible
dffaf81a-79c1-402b-6a4a-23304854f912;Masdevallia coccinea;Plantae;Magnoliophyta;Equisetopsida;Asparagales;Orchidaceae;Masdevallia;coccinea;especie;No disponible;Banderita, San Juanito
dffaf81a-79c1-402b-6a4a-23304854f913;Masdevallia corniculata;Plantae;Magnoliophyta;Equisetopsida;Asparagales;Orchidaceae;Masdevallia;corniculata;especie;No disponible;No disponible
dffaf81a-79c1-402b-6a4a-23304854f914;Masdevallia crescentiicola;Plantae;Magnoliophyta;Equisetopsida;Asparagales;Orchidaceae;Masdevallia;crescentiicola;especie;No disponible;No disponible
dffaf81a-79c1-402b-6a4a-23304854f915;Masdevallia discolor;Plantae;Magnoliophyta;Equisetopsida;Asparagales;Orchidaceae;Masdevallia;discolor;especie;No disponible;No disponible
dffaf81a-79c1-402b-6a4a-23304854f916;Masdevallia dorisiae;Plantae;Magnoliophyta;Equisetopsida;Asparagales;Orchidaceae;Masdevallia;dorisiae;especie;No disponible;No disponible
dffaf81a-79c1-402b-6a4a-23304854f917;Masdevallia dryada;Plantae;Magnoliophyta;Equisetopsida;Asparagales;Orchidaceae;Masdevallia;dryada;especie;No disponible;No disponible
dffaf81a-79c1-402b-6a4a-23304854f918;Masdevallia elephanticeps;Plantae;Magnoliophyta;Equisetopsida;Asparagales;Orchidaceae;Masdevallia;elephanticeps;especie;No disponible;No disponible
dffaf81a-79c1-402b-6a4a-23304854f919;Masdevallia encephala;Plantae;Magnoliophyta;Equisetopsida;Asparagales;Orchidaceae;Masdevallia;encephala;especie;No disponible;No disponible
dffaf81a-79c1-402b-6a4a-23304854f920;Masdevallia expansa;Plantae;Magnoliophyta;Equisetopsida;Asparagales;Orchidaceae;Masdevallia;expansa;especie;No disponible;No disponible
dffaf81a-79c1-402b-6a4a-23304854f921;Masdevallia falcago;Plantae;Magnoliophyta;Equisetopsida;Asparagales;Orchidaceae;Masdevallia;falcago;especie;No disponible;No disponible
dffaf81a-79c1-402b-6a4a-23304854f922;Masdevallia fasciata;Plantae;Magnoliophyta;Equisetopsida;Asparagales;Orchidaceae;Masdevallia;fasciata;especie;No disponible;No disponible
dffaf81a-79c1-402b-6a4a-23304854f923;Masdevallia filaria;Plantae;Magnoliophyta;Equisetopsida;Asparagales;Orchidaceae;Masdevallia;filaria;especie;No disponible;No disponible
dffaf81a-79c1-402b-6a4a-23304854f924;Masdevallia foetens;Plantae;Magnoliophyta;Equisetopsida;Asparagales;Orchidaceae;Masdevallia;foetens;especie;No disponible;No disponible
dffaf81a-79c1-402b-6a4a-23304854f925;Masdevallia fragrans;Plantae;Magnoliophyta;Equisetopsida;Asparagales;Orchidaceae;Masdevallia;fragrans;especie;No disponible;No disponible
dffaf81a-79c1-402b-6a4a-23304854f926;Masdevallia geminiflora;Plantae;Magnoliophyta;Equisetopsida;Asparagales;Orchidaceae;Masdevallia;geminiflora;especie;No disponible;No disponible
dffaf81a-79c1-402b-6a4a-23304854f927;Masdevallia gilbertoi;Plantae;Magnoliophyta;Equisetopsida;Asparagales;Orchidaceae;Masdevallia;gilbertoi;especie;No disponible;No disponible
dffaf81a-79c1-402b-6a4a-23304854f928;Masdevallia herradurae;Plantae;Magnoliophyta;Equisetopsida;Asparagales;Orchidaceae;Masdevallia;herradurae;especie;No disponible;No disponible
dffaf81a-79c1-402b-6a4a-23304854f929;Masdevallia heteroptera;Plantae;Magnoliophyta;Equisetopsida;Asparagales;Orchidaceae;Masdevallia;heteroptera;especie;No disponible;No disponible
dffaf81a-79c1-402b-6a4a-23304854f930;Masdevallia hians;Plantae;Magnoliophyta;Equisetopsida;Asparagales;Orchidaceae;Masdevallia;hians;especie;No disponible;No disponible
dffaf81a-79c1-402b-6a4a-23304854f931;Masdevallia hieroglyphica;Plantae;Magnoliophyta;Equisetopsida;Asparagales;Orchidaceae;Masdevallia;hieroglyphica;especie;No disponible;No disponible
dffaf81a-79c1-402b-6a4a-23304854f932;Masdevallia hoeijeri;Plantae;Magnoliophyta;Equisetopsida;Asparagales;Orchidaceae;Masdevallia;hoeijeri;especie;No disponible;No disponible
dffaf81a-79c1-402b-6a4a-23304854f933;Masdevallia hortensis;Plantae;Magnoliophyta;Equisetopsida;Asparagales;Orchidaceae;Masdevallia;hortensis;especie;No disponible;No disponible
dffaf81a-79c1-402b-6a4a-23304854f934;Masdevallia hylodes;Plantae;Magnoliophyta;Equisetopsida;Asparagales;Orchidaceae;Masdevallia;hylodes;especie;No disponible;No disponible
dffaf81a-79c1-402b-6a4a-23304854f935;Masdevallia ignea;Plantae;Magnoliophyta;Equisetopsida;Asparagales;Orchidaceae;Masdevallia;ignea;especie;No disponible;No disponible
dffaf81a-79c1-402b-6a4a-23304854f936;Masdevallia impostor;Plantae;Magnoliophyta;Equisetopsida;Asparagales;Orchidaceae;Masdevallia;impostor;especie;No disponible;No disponible
dffaf81a-79c1-402b-6a4a-23304854f937;Masdevallia indecora;Plantae;Magnoliophyta;Equisetopsida;Asparagales;Orchidaceae;Masdevallia;indecora;especie;No disponible;No disponible
dffaf81a-79c1-402b-6a4a-23304854f938;Masdevallia klabochiorum;Plantae;Magnoliophyta;Equisetopsida;Asparagales;Orchidaceae;Masdevallia;klabochiorum;especie;No disponible;No disponible
dffaf81a-79c1-402b-6a4a-23304854f939;Masdevallia leontoglossa;Plantae;Magnoliophyta;Equisetopsida;Asparagales;Orchidaceae;Masdevallia;leontoglossa;especie;No disponible;No disponible
dffaf81a-79c1-402b-6a4a-23304854f940;Masdevallia livingstoneana;Plantae;Magnoliophyta;Equisetopsida;Asparagales;Orchidaceae;Masdevallia;livingstoneana;especie;No disponible;No disponible
dffaf81a-79c1-402b-6a4a-23304854f941;Masdevallia ludibunda;Plantae;Magnoliophyta;Equisetopsida;Asparagales;Orchidaceae;Masdevallia;ludibunda;especie;No disponible;No disponible
dffaf81a-79c1-402b-6a4a-23304854f942;Masdevallia macrogenia;Plantae;Magnoliophyta;Equisetopsida;Asparagales;Orchidaceae;Masdevallia;macrogenia;especie;No disponible;No disponible
dffaf81a-79c1-402b-6a4a-23304854f943;Masdevallia macroglossa;Plantae;Magnoliophyta;Equisetopsida;Asparagales;Orchidaceae;Masdevallia;macroglossa;especie;No disponible;No disponible
dffaf81a-79c1-402b-6a4a-23304854f944;Masdevallia macrura;Plantae;Magnoliophyta;Equisetopsida;Asparagales;Orchidaceae;Masdevallia;macrura;especie;No disponible;No disponible
dffaf81a-79c1-402b-6a4a-23304854f945;Masdevallia mandarina;Plantae;Magnoliophyta;Equisetopsida;Asparagales;Orchidaceae;Masdevallia;mandarina;especie;No disponible;No disponible
dffaf81a-79c1-402b-6a4a-23304854f946;Masdevallia marthae;Plantae;Magnoliophyta;Equisetopsida;Asparagales;Orchidaceae;Masdevallia;marthae;especie;No disponible;No disponible
dffaf81a-79c1-402b-6a4a-23304854f947;Masdevallia mastodon;Plantae;Magnoliophyta;Equisetopsida;Asparagales;Orchidaceae;Masdevallia;mastodon;especie;No disponible;No disponible
dffaf81a-79c1-402b-6a4a-23304854f948;Masdevallia medusa;Plantae;Magnoliophyta;Equisetopsida;Asparagales;Orchidaceae;Masdevallia;medusa;especie;No disponible;No disponible
dffaf81a-79c1-402b-6a4a-23304854f949;Masdevallia mejiana;Plantae;Magnoliophyta;Equisetopsida;Asparagales;Orchidaceae;Masdevallia;mejiana;especie;No disponible;No disponible
dffaf81a-79c1-402b-6a4a-23304854f950;Masdevallia melanoxantha;Plantae;Magnoliophyta;Equisetopsida;Asparagales;Orchidaceae;Masdevallia;melanoxantha;especie;No disponible;No disponible
dffaf81a-79c1-402b-6a4a-23304854f951;Masdevallia meleagris;Plantae;Magnoliophyta;Equisetopsida;Asparagales;Orchidaceae;Masdevallia;meleagris;especie;No disponible;No disponible
dffaf81a-79c1-402b-6a4a-23304854f952;Masdevallia misasii;Plantae;Magnoliophyta;Equisetopsida;Asparagales;Orchidaceae;Masdevallia;misasii;especie;No disponible;No disponible
dffaf81a-79c1-402b-6a4a-23304854f953;Masdevallia molossus;Plantae;Magnoliophyta;Equisetopsida;Asparagales;Orchidaceae;Masdevallia;molossus;especie;No disponible;No disponible
dffaf81a-79c1-402b-6a4a-23304854f954;Masdevallia mooreana;Plantae;Magnoliophyta;Equisetopsida;Asparagales;Orchidaceae;Masdevallia;mooreana;especie;No disponible;No disponible
dffaf81a-79c1-402b-6a4a-23304854f955;Masdevallia mutica;Plantae;Magnoliophyta;Equisetopsida;Asparagales;Orchidaceae;Masdevallia;mutica;especie;No disponible;No disponible
dffaf81a-79c1-402b-6a4a-23304854f956;Masdevallia navicularis;Plantae;Magnoliophyta;Equisetopsida;Asparagales;Orchidaceae;Masdevallia;navicularis;especie;No disponible;No disponible
dffaf81a-79c1-402b-6a4a-23304854f957;Masdevallia niesseniae;Plantae;Magnoliophyta;Equisetopsida;Asparagales;Orchidaceae;Masdevallia;niesseniae;especie;No disponible;No disponible
dffaf81a-79c1-402b-6a4a-23304854f958;Masdevallia nivea;Plantae;Magnoliophyta;Equisetopsida;Asparagales;Orchidaceae;Masdevallia;nivea;especie;No disponible;No disponible
dffaf81a-79c1-402b-6a4a-23304854f959;Masdevallia odontocera;Plantae;Magnoliophyta;Equisetopsida;Asparagales;Orchidaceae;Masdevallia;odontocera;especie;No disponible;No disponible
dffaf81a-79c1-402b-6a4a-23304854f960;Masdevallia oscarii;Plantae;Magnoliophyta;Equisetopsida;Asparagales;Orchidaceae;Masdevallia;oscarii;especie;No disponible;No disponible
dffaf81a-79c1-402b-6a4a-23304854f961;Masdevallia os-draconis;Plantae;Magnoliophyta;Equisetopsida;Asparagales;Orchidaceae;Masdevallia;os-draconis;especie;No disponible;No disponible
dffaf81a-79c1-402b-6a4a-23304854f962;Masdevallia pachyantha;Plantae;Magnoliophyta;Equisetopsida;Asparagales;Orchidaceae;Masdevallia;pachyantha;especie;No disponible;No disponible
dffaf81a-79c1-402b-6a4a-23304854f963;Masdevallia pachysepala;Plantae;Magnoliophyta;Equisetopsida;Asparagales;Orchidaceae;Masdevallia;pachysepala;especie;No disponible;No disponible
dffaf81a-79c1-402b-6a4a-23304854f964;Masdevallia pardina;Plantae;Magnoliophyta;Equisetopsida;Asparagales;Orchidaceae;Masdevallia;pardina;especie;No disponible;No disponible
dffaf81a-79c1-402b-6a4a-23304854f965;Masdevallia pastinata;Plantae;Magnoliophyta;Equisetopsida;Asparagales;Orchidaceae;Masdevallia;pastinata;especie;No disponible;No disponible
dffaf81a-79c1-402b-6a4a-23304854f966;Masdevallia pescadoënsis;Plantae;Magnoliophyta;Equisetopsida;Asparagales;Orchidaceae;Masdevallia;pescadoënsis;especie;No disponible;No disponible
dffaf81a-79c1-402b-6a4a-23304854f967;Masdevallia planadensis;Plantae;Magnoliophyta;Equisetopsida;Asparagales;Orchidaceae;Masdevallia;planadensis;especie;No disponible;No disponible
dffaf81a-79c1-402b-6a4a-23304854f968;Masdevallia pteroglossa;Plantae;Magnoliophyta;Equisetopsida;Asparagales;Orchidaceae;Masdevallia;pteroglossa;especie;No disponible;No disponible
dffaf81a-79c1-402b-6a4a-23304854f969;Masdevallia pterygiophora;Plantae;Magnoliophyta;Equisetopsida;Asparagales;Orchidaceae;Masdevallia;pterygiophora;especie;No disponible;No disponible
dffaf81a-79c1-402b-6a4a-23304854f970;Masdevallia pumila;Plantae;Magnoliophyta;Equisetopsida;Asparagales;Orchidaceae;Masdevallia;pumila;especie;No disponible;No disponible
dffaf81a-79c1-402b-6a4a-23304854f971;Masdevallia purpurella;Plantae;Magnoliophyta;Equisetopsida;Asparagales;Orchidaceae;Masdevallia;purpurella;especie;No disponible;No disponible
dffaf81a-79c1-402b-6a4a-23304854f972;Masdevallia racemosa;Plantae;Magnoliophyta;Equisetopsida;Asparagales;Orchidaceae;Masdevallia;racemosa;especie;No disponible;No disponible
dffaf81a-79c1-402b-6a4a-23304854f973;Masdevallia renzii;Plantae;Magnoliophyta;Equisetopsida;Asparagales;Orchidaceae;Masdevallia;renzii;especie;No disponible;No disponible
dffaf81a-79c1-402b-6a4a-23304854f974;Masdevallia rhinophora;Plantae;Magnoliophyta;Equisetopsida;Asparagales;Orchidaceae;Masdevallia;rhinophora;especie;No disponible;No disponible
dffaf81a-79c1-402b-6a4a-23304854f975;Masdevallia saltatrix;Plantae;Magnoliophyta;Equisetopsida;Asparagales;Orchidaceae;Masdevallia;saltatrix;especie;No disponible;No disponible
dffaf81a-79c1-402b-6a4a-23304854f976;Masdevallia sanctae-fidei;Plantae;Magnoliophyta;Equisetopsida;Asparagales;Orchidaceae;Masdevallia;sanctae-fidei;especie;No disponible;No disponible
dffaf81a-79c1-402b-6a4a-23304854f977;Masdevallia sanctae-rosae;Plantae;Magnoliophyta;Equisetopsida;Asparagales;Orchidaceae;Masdevallia;sanctae-rosae;especie;No disponible;No disponible
dffaf81a-79c1-402b-6a4a-23304854f978;Masdevallia schizantha;Plantae;Magnoliophyta;Equisetopsida;Asparagales;Orchidaceae;Masdevallia;schizantha;especie;No disponible;No disponible
dffaf81a-79c1-402b-6a4a-23304854f979;Masdevallia schizopetala;Plantae;Magnoliophyta;Equisetopsida;Asparagales;Orchidaceae;Masdevallia;schizopetala;especie;No disponible;No disponible
dffaf81a-79c1-402b-6a4a-23304854f980;Masdevallia schlimii;Plantae;Magnoliophyta;Equisetopsida;Asparagales;Orchidaceae;Masdevallia;schlimii;especie;No disponible;No disponible
dffaf81a-79c1-402b-6a4a-23304854f981;Masdevallia schmidt-mummii;Plantae;Magnoliophyta;Equisetopsida;Asparagales;Orchidaceae;Masdevallia;schmidt-mummii;especie;No disponible;No disponible
dffaf81a-79c1-402b-6a4a-23304854f982;Masdevallia scobina;Plantae;Magnoliophyta;Equisetopsida;Asparagales;Orchidaceae;Masdevallia;scobina;especie;No disponible;No disponible
dffaf81a-79c1-402b-6a4a-23304854f983;Masdevallia segurae;Plantae;Magnoliophyta;Equisetopsida;Asparagales;Orchidaceae;Masdevallia;segurae;especie;No disponible;No disponible
dffaf81a-79c1-402b-6a4a-23304854f984;Masdevallia sernae;Plantae;Magnoliophyta;Equisetopsida;Asparagales;Orchidaceae;Masdevallia;sernae;especie;No disponible;No disponible
dffaf81a-79c1-402b-6a4a-23304854f985;Masdevallia siphonantha;Plantae;Magnoliophyta;Equisetopsida;Asparagales;Orchidaceae;Masdevallia;siphonantha;especie;No disponible;No disponible
dffaf81a-79c1-402b-6a4a-23304854f986;Masdevallia stenorrhynchos;Plantae;Magnoliophyta;Equisetopsida;Asparagales;Orchidaceae;Masdevallia;stenorrhynchos;especie;No disponible;No disponible
dffaf81a-79c1-402b-6a4a-23304854f987;Masdevallia strumosa;Plantae;Magnoliophyta;Equisetopsida;Asparagales;Orchidaceae;Masdevallia;strumosa;especie;No disponible;No disponible
dffaf81a-79c1-402b-6a4a-23304854f988;Masdevallia sumapazensis;Plantae;Magnoliophyta;Equisetopsida;Asparagales;Orchidaceae;Masdevallia;sumapazensis;especie;No disponible;No disponible
dffaf81a-79c1-402b-6a4a-23304854f989;Masdevallia thienii;Plantae;Magnoliophyta;Equisetopsida;Asparagales;Orchidaceae;Masdevallia;thienii;especie;No disponible;No disponible
dffaf81a-79c1-402b-6a4a-23304854f990;Masdevallia trigonopetala;Plantae;Magnoliophyta;Equisetopsida;Asparagales;Orchidaceae;Masdevallia;trigonopetala;especie;No disponible;No disponible
dffaf81a-79c1-402b-6a4a-23304854f991;Masdevallia trochilus;Plantae;Magnoliophyta;Equisetopsida;Asparagales;Orchidaceae;Masdevallia;trochilus;especie;No disponible;No disponible
dffaf81a-79c1-402b-6a4a-23304854f992;Masdevallia uncifera;Plantae;Magnoliophyta;Equisetopsida;Asparagales;Orchidaceae;Masdevallia;uncifera;especie;No disponible;No disponible
dffaf81a-79c1-402b-6a4a-23304854f993;Masdevallia urceolaris;Plantae;Magnoliophyta;Equisetopsida;Asparagales;Orchidaceae;Masdevallia;urceolaris;especie;No disponible;No disponible
dffaf81a-79c1-402b-6a4a-23304854f994;Masdevallia valenciae;Plantae;Magnoliophyta;Equisetopsida;Asparagales;Orchidaceae;Masdevallia;valenciae;especie;No disponible;No disponible
dffaf81a-79c1-402b-6a4a-23304854f995;Masdevallia vargasii;Plantae;Magnoliophyta;Equisetopsida;Asparagales;Orchidaceae;Masdevallia;vargasii;especie;No disponible;No disponible
dffaf81a-79c1-402b-6a4a-23304854f996;Masdevallia velella;Plantae;Magnoliophyta;Equisetopsida;Asparagales;Orchidaceae;Masdevallia;velella;especie;No disponible;No disponible
dffaf81a-79c1-402b-6a4a-23304854f997;Masdevallia velifera;Plantae;Magnoliophyta;Equisetopsida;Asparagales;Orchidaceae;Masdevallia;velifera;especie;No disponible;No disponible
dffaf81a-79c1-402b-6a4a-23304854f998;Masdevallia ventricularia;Plantae;Magnoliophyta;Equisetopsida;Asparagales;Orchidaceae;Masdevallia;ventricularia;especie;No disponible;No disponible
dffaf81a-79c1-402b-6a4a-23304854f999;Masdevallia vieirana;Plantae;Magnoliophyta;Equisetopsida;Asparagales;Orchidaceae;Masdevallia;vieirana;especie;No disponible;No disponible
dffaf81a-79c1-402b-6a4a-23304854f1000;Masdevallia virgo-cuencae;Plantae;Magnoliophyta;Equisetopsida;Asparagales;Orchidaceae;Masdevallia;virgo-cuencae;especie;No disponible;No disponible
dffaf81a-79c1-402b-6a4a-23304854f1001;Masdevallia vittatula;Plantae;Magnoliophyta;Equisetopsida;Asparagales;Orchidaceae;Masdevallia;vittatula;especie;No disponible;No disponible
dffaf81a-79c1-402b-6a4a-23304854f1002;Masdevallia wuellneri;Plantae;Magnoliophyta;Equisetopsida;Asparagales;Orchidaceae;Masdevallia;wuellneri;especie;No disponible;No disponible
dffaf81a-79c1-402b-6a4a-23304854f1003;Masdevallia xanthina;Plantae;Magnoliophyta;Equisetopsida;Asparagales;Orchidaceae;Masdevallia;xanthina;especie;No disponible;No disponible
dffaf81a-79c1-402b-6a4a-23304854f1004;Masdevallia zapatae;Plantae;Magnoliophyta;Equisetopsida;Asparagales;Orchidaceae;Masdevallia;zapatae;especie;No disponible;No disponible
dffaf81a-79c1-402b-6a4a-23304854f1005;Miltoniopsis phalaenopsis;Plantae;Magnoliophyta;Equisetopsida;Asparagales;Orchidaceae;Miltoniopsis;phalaenopsis;especie;No disponible;Santa Bárbara, Pensamiento de monte
dffaf81a-79c1-402b-6a4a-23304854f1006;Miltoniopsis vexillaria;Plantae;Magnoliophyta;Equisetopsida;Asparagales;Orchidaceae;Miltoniopsis;vexillaria;especie;No disponible;Josefina, Orquídea pensamiento
dffaf81a-79c1-402b-6a4a-23304854f1007;Miltoniopsis warscewiczii;Plantae;Magnoliophyta;Equisetopsida;Asparagales;Orchidaceae;Miltoniopsis;warscewiczii;especie;No disponible;No disponible
dffaf81a-79c1-402b-6a4a-23304854f1008;Odontoglossum alberti;Plantae;Magnoliophyta;Equisetopsida;Asparagales;Orchidaceae;Odontoglossum;alberti;especie;No disponible;No disponible
dffaf81a-79c1-402b-6a4a-23304854f1009;Odontoglossum alvarezii;Plantae;Magnoliophyta;Equisetopsida;Asparagales;Orchidaceae;Odontoglossum;alvarezii;especie;No disponible;No disponible
dffaf81a-79c1-402b-6a4a-23304854f1010;Odontoglossum arminii;Plantae;Magnoliophyta;Equisetopsida;Asparagales;Orchidaceae;Odontoglossum;arminii;especie;No disponible;No disponible
dffaf81a-79c1-402b-6a4a-23304854f1011;Odontoglossum aspidorhinum;Plantae;Magnoliophyta;Equisetopsida;Asparagales;Orchidaceae;Odontoglossum;aspidorhinum;especie;No disponible;No disponible
dffaf81a-79c1-402b-6a4a-23304854f1012;Odontoglossum auriculatum;Plantae;Magnoliophyta;Equisetopsida;Asparagales;Orchidaceae;Odontoglossum;auriculatum;especie;No disponible;No disponible
dffaf81a-79c1-402b-6a4a-23304854f1013;Odontoglossum bachmannii;Plantae;Magnoliophyta;Equisetopsida;Asparagales;Orchidaceae;Odontoglossum;bachmannii;especie;No disponible;No disponible
dffaf81a-79c1-402b-6a4a-23304854f1014;Odontoglossum blandum;Plantae;Magnoliophyta;Equisetopsida;Asparagales;Orchidaceae;Odontoglossum;blandum;especie;No disponible;No disponible
dffaf81a-79c1-402b-6a4a-23304854f1015;Odontoglossum cirrhosum;Plantae;Magnoliophyta;Equisetopsida;Asparagales;Orchidaceae;Odontoglossum;cirrhosum;especie;No disponible;No disponible
dffaf81a-79c1-402b-6a4a-23304854f1016;Odontoglossum crinitum;Plantae;Magnoliophyta;Equisetopsida;Asparagales;Orchidaceae;Odontoglossum;crinitum;especie;No disponible;No disponible
dffaf81a-79c1-402b-6a4a-23304854f1017;Odontoglossum crispum;Plantae;Magnoliophyta;Equisetopsida;Asparagales;Orchidaceae;Odontoglossum;crispum;especie;No disponible;No disponible
dffaf81a-79c1-402b-6a4a-23304854f1018;Odontoglossum dipterum;Plantae;Magnoliophyta;Equisetopsida;Asparagales;Orchidaceae;Odontoglossum;dipterum;especie;No disponible;No disponible
dffaf81a-79c1-402b-6a4a-23304854f1019;Odontoglossum epidendroides;Plantae;Magnoliophyta;Equisetopsida;Asparagales;Orchidaceae;Odontoglossum;epidendroides;especie;No disponible;No disponible
dffaf81a-79c1-402b-6a4a-23304854f1020;Odontoglossum gloriosum;Plantae;Magnoliophyta;Equisetopsida;Asparagales;Orchidaceae;Odontoglossum;gloriosum;especie;No disponible;No disponible
dffaf81a-79c1-402b-6a4a-23304854f1021;Odontoglossum harryanum;Plantae;Magnoliophyta;Equisetopsida;Asparagales;Orchidaceae;Odontoglossum;harryanum;especie;No disponible;No disponible
dffaf81a-79c1-402b-6a4a-23304854f1022;Odontoglossum ioplocon;Plantae;Magnoliophyta;Equisetopsida;Asparagales;Orchidaceae;Odontoglossum;ioplocon;especie;No disponible;No disponible
dffaf81a-79c1-402b-6a4a-23304854f1023;Odontoglossum ixioides;Plantae;Magnoliophyta;Equisetopsida;Asparagales;Orchidaceae;Odontoglossum;ixioides;especie;No disponible;No disponible
dffaf81a-79c1-402b-6a4a-23304854f1024;Odontoglossum leucopterum;Plantae;Magnoliophyta;Equisetopsida;Asparagales;Orchidaceae;Odontoglossum;leucopterum;especie;No disponible;No disponible
dffaf81a-79c1-402b-6a4a-23304854f1025;Odontoglossum luteopurpureum;Plantae;Magnoliophyta;Equisetopsida;Asparagales;Orchidaceae;Odontoglossum;luteopurpureum;especie;No disponible;No disponible
dffaf81a-79c1-402b-6a4a-23304854f1026;Odontoglossum mirandum;Plantae;Magnoliophyta;Equisetopsida;Asparagales;Orchidaceae;Odontoglossum;mirandum;especie;No disponible;No disponible
dffaf81a-79c1-402b-6a4a-23304854f1027;Odontoglossum naevium;Plantae;Magnoliophyta;Equisetopsida;Asparagales;Orchidaceae;Odontoglossum;naevium;especie;No disponible;No disponible
dffaf81a-79c1-402b-6a4a-23304854f1028;Odontoglossum nevadense;Plantae;Magnoliophyta;Equisetopsida;Asparagales;Orchidaceae;Odontoglossum;nevadense;especie;No disponible;No disponible
dffaf81a-79c1-402b-6a4a-23304854f1029;Odontoglossum nobile;Plantae;Magnoliophyta;Equisetopsida;Asparagales;Orchidaceae;Odontoglossum;nobile;especie;No disponible;No disponible
dffaf81a-79c1-402b-6a4a-23304854f1030;Odontoglossum pardinum;Plantae;Magnoliophyta;Equisetopsida;Asparagales;Orchidaceae;Odontoglossum;pardinum;especie;No disponible;No disponible
dffaf81a-79c1-402b-6a4a-23304854f1031;Odontoglossum portmannii;Plantae;Magnoliophyta;Equisetopsida;Asparagales;Orchidaceae;Odontoglossum;portmannii;especie;No disponible;No disponible
dffaf81a-79c1-402b-6a4a-23304854f1032;Odontoglossum povedanum;Plantae;Magnoliophyta;Equisetopsida;Asparagales;Orchidaceae;Odontoglossum;povedanum;especie;No disponible;No disponible
dffaf81a-79c1-402b-6a4a-23304854f1033;Odontoglossum praenitens;Plantae;Magnoliophyta;Equisetopsida;Asparagales;Orchidaceae;Odontoglossum;praenitens;especie;No disponible;No disponible
dffaf81a-79c1-402b-6a4a-23304854f1034;Odontoglossum reversum;Plantae;Magnoliophyta;Equisetopsida;Asparagales;Orchidaceae;Odontoglossum;reversum;especie;No disponible;No disponible
dffaf81a-79c1-402b-6a4a-23304854f1035;Odontoglossum revolutum;Plantae;Magnoliophyta;Equisetopsida;Asparagales;Orchidaceae;Odontoglossum;revolutum;especie;No disponible;No disponible
dffaf81a-79c1-402b-6a4a-23304854f1036;Odontoglossum rhynchanthum;Plantae;Magnoliophyta;Equisetopsida;Asparagales;Orchidaceae;Odontoglossum;rhynchanthum;especie;No disponible;No disponible
dffaf81a-79c1-402b-6a4a-23304854f1037;Odontoglossum spectatissimum;Plantae;Magnoliophyta;Equisetopsida;Asparagales;Orchidaceae;Odontoglossum;spectatissimum;especie;No disponible;No disponible
dffaf81a-79c1-402b-6a4a-23304854f1038;Odontoglossum subuligerum;Plantae;Magnoliophyta;Equisetopsida;Asparagales;Orchidaceae;Odontoglossum;subuligerum;especie;No disponible;No disponible
dffaf81a-79c1-402b-6a4a-23304854f1039;Odontoglossum tripudians;Plantae;Magnoliophyta;Equisetopsida;Asparagales;Orchidaceae;Odontoglossum;tripudians;especie;No disponible;No disponible
dffaf81a-79c1-402b-6a4a-23304854f1040;Odontoglossum wallisii;Plantae;Magnoliophyta;Equisetopsida;Asparagales;Orchidaceae;Odontoglossum;wallisii;especie;No disponible;No disponible
dffaf81a-79c1-402b-6a4a-23304854f1041;Odontoglossum weirii;Plantae;Magnoliophyta;Equisetopsida;Asparagales;Orchidaceae;Odontoglossum;weirii;especie;No disponible;No disponible
dffaf81a-79c1-402b-6a4a-23304854f1042;Phragmipedium schlimii;Plantae;Magnoliophyta;Equisetopsida;Asparagales;Orchidaceae;Phragmipedium;schlimii;especie;No disponible;No disponible
dffaf81a-79c1-402b-6a4a-23304854f1043;Psychopsis krameriana;Plantae;Magnoliophyta;Equisetopsida;Asparagales;Orchidaceae;Psychopsis;krameriana;especie;No disponible;No disponible
dffaf81a-79c1-402b-6a4a-23304854f1044;Restrepia aristulifera;Plantae;Magnoliophyta;Equisetopsida;Asparagales;Orchidaceae;Restrepia;aristulifera;especie;No disponible;No disponible
dffaf81a-79c1-402b-6a4a-23304854f1045;Restrepia aspasicensis;Plantae;Magnoliophyta;Equisetopsida;Asparagales;Orchidaceae;Restrepia;aspasicensis;especie;No disponible;No disponible
dffaf81a-79c1-402b-6a4a-23304854f1046;Restrepia chameleon;Plantae;Magnoliophyta;Equisetopsida;Asparagales;Orchidaceae;Restrepia;chameleon;especie;No disponible;No disponible
dffaf81a-79c1-402b-6a4a-23304854f1047;Restrepia chocoensis;Plantae;Magnoliophyta;Equisetopsida;Asparagales;Orchidaceae;Restrepia;chocoensis;especie;No disponible;No disponible
dffaf81a-79c1-402b-6a4a-23304854f1048;Restrepia chrysoglossa;Plantae;Magnoliophyta;Equisetopsida;Asparagales;Orchidaceae;Restrepia;chrysoglossa;especie;No disponible;No disponible
dffaf81a-79c1-402b-6a4a-23304854f1049;Restrepia cuprea;Plantae;Magnoliophyta;Equisetopsida;Asparagales;Orchidaceae;Restrepia;cuprea;especie;No disponible;No disponible
dffaf81a-79c1-402b-6a4a-23304854f1050;Restrepia echinata;Plantae;Magnoliophyta;Equisetopsida;Asparagales;Orchidaceae;Restrepia;echinata;especie;No disponible;No disponible
dffaf81a-79c1-402b-6a4a-23304854f1051;Restrepia echo;Plantae;Magnoliophyta;Equisetopsida;Asparagales;Orchidaceae;Restrepia;echo;especie;No disponible;No disponible
dffaf81a-79c1-402b-6a4a-23304854f1052;Restrepia escobariana;Plantae;Magnoliophyta;Equisetopsida;Asparagales;Orchidaceae;Restrepia;escobariana;especie;No disponible;No disponible
dffaf81a-79c1-402b-6a4a-23304854f1053;Restrepia falkenbergii;Plantae;Magnoliophyta;Equisetopsida;Asparagales;Orchidaceae;Restrepia;falkenbergii;especie;No disponible;No disponible
dffaf81a-79c1-402b-6a4a-23304854f1054;Restrepia flosculata;Plantae;Magnoliophyta;Equisetopsida;Asparagales;Orchidaceae;Restrepia;flosculata;especie;No disponible;No disponible
dffaf81a-79c1-402b-6a4a-23304854f1055;Restrepia limbata;Plantae;Magnoliophyta;Equisetopsida;Asparagales;Orchidaceae;Restrepia;limbata;especie;No disponible;No disponible
dffaf81a-79c1-402b-6a4a-23304854f1056;Restrepia metae;Plantae;Magnoliophyta;Equisetopsida;Asparagales;Orchidaceae;Restrepia;metae;especie;No disponible;No disponible
dffaf81a-79c1-402b-6a4a-23304854f1057;Restrepia nittiorhyncha;Plantae;Magnoliophyta;Equisetopsida;Asparagales;Orchidaceae;Restrepia;nittiorhyncha;especie;No disponible;No disponible
dffaf81a-79c1-402b-6a4a-23304854f1058;Restrepia pandurata;Plantae;Magnoliophyta;Equisetopsida;Asparagales;Orchidaceae;Restrepia;pandurata;especie;No disponible;No disponible
dffaf81a-79c1-402b-6a4a-23304854f1059;Restrepia pelyx;Plantae;Magnoliophyta;Equisetopsida;Asparagales;Orchidaceae;Restrepia;pelyx;especie;No disponible;No disponible
dffaf81a-79c1-402b-6a4a-23304854f1060;Restrepia purpurea;Plantae;Magnoliophyta;Equisetopsida;Asparagales;Orchidaceae;Restrepia;purpurea;especie;No disponible;No disponible
dffaf81a-79c1-402b-6a4a-23304854f1061;Restrepia sanguinea;Plantae;Magnoliophyta;Equisetopsida;Asparagales;Orchidaceae;Restrepia;sanguinea;especie;No disponible;No disponible
dffaf81a-79c1-402b-6a4a-23304854f1062;Restrepia seketti;Plantae;Magnoliophyta;Equisetopsida;Asparagales;Orchidaceae;Restrepia;seketti;especie;No disponible;No disponible
dffaf81a-79c1-402b-6a4a-23304854f1063;Restrepia tabae;Plantae;Magnoliophyta;Equisetopsida;Asparagales;Orchidaceae;Restrepia;tabae;especie;No disponible;No disponible
dffaf81a-79c1-402b-6a4a-23304854f1064;Restrepia tsubotae;Plantae;Magnoliophyta;Equisetopsida;Asparagales;Orchidaceae;Restrepia;tsubotae;especie;No disponible;No disponible
dffaf81a-79c1-402b-6a4a-23304854f1065;Rodriguezia lehmanni;Plantae;Magnoliophyta;Equisetopsida;Asparagales;Orchidaceae;Rodriguezia;lehmanni;especie;No disponible;No disponible
dffaf81a-79c1-402b-6a4a-23304854f1066;Selenipedium chica;Plantae;Magnoliophyta;Equisetopsida;Asparagales;Orchidaceae;Selenipedium;chica;especie;No disponible;No disponible
